{"content":[{"id":"41d7b561","settings":{"layout":"full_width","_title":"FORM DI QUOTO"},"elements":[{"id":"2201b7e3","settings":{"_column_size":100,"_inline_size":null},"elements":[{"id":"437ef8b3","settings":{"anchor":"quoto"},"elements":[],"isInner":false,"widgetType":"menu-anchor","elType":"widget"},{"id":"7b4a7c02","settings":{"form_name":"QUOTO","form_fields":[{"_id":"5c582c0","field_type":"hidden","field_label":"CLIENT_ID","custom_id":"CLIENT_ID"},{"field_type":"hidden","field_label":"action","custom_id":"action","field_value":"send","_id":"fb15e4b"},{"field_type":"hidden","field_label":"idsito","custom_id":"idsito","field_value":"xxx","_id":"147102c"},{"field_type":"hidden","field_label":"urlback","custom_id":"urlback","_id":"08772d5"},{"field_type":"hidden","field_label":"id_lingua","custom_id":"id_lingua","field_value":"1","_id":"f45a3c6"},{"field_type":"hidden","field_label":"language","custom_id":"language","field_value":"it","_id":"ff197b4"},{"field_type":"hidden","field_label":"tracking","custom_id":"tracking","_id":"813a9a4"},{"field_type":"hidden","field_label":"Agent","custom_id":"Agent","_id":"66c8f33"},{"field_type":"hidden","field_label":"Ip","custom_id":"Ip","_id":"086a7b3"},{"field_type":"hidden","field_label":"adulti","custom_id":"adulti","field_value":"0","_id":"b4e0e88"},{"field_type":"hidden","field_label":"bambini","custom_id":"bambini","field_value":"0","_id":"9c2d7fb"},{"custom_id":"nome","field_label":"nome","placeholder":"Nome *","width":"50","_id":"3ffb465","required":"true"},{"custom_id":"cognome","field_label":"cognome","placeholder":"Cognome *","width":"50","_id":"7e48000","required":"true"},{"custom_id":"email","field_type":"email","field_label":"email","placeholder":"Email *","width":"50","_id":"e239de8","required":"true"},{"custom_id":"telefono","field_label":"telefono","placeholder":"Telefono","width":"50","_id":"c6f0cc8"},{"_id":"38abd95","field_type":"select","field_label":"TipoVacanza","field_options":"Scegli il tipo di Vacanza|\nBenessere|Benessere\nBike|Bike\nBusiness|Business\nDivertimento|Divertimento\nFamily|Family\nGruppo famiglia|Gruppo famiglia\nRomantico|Romantico\nSport|Sport","width":"50","custom_id":"TipoVacanza"},{"field_type":"select","field_label":"animali_ammessi","field_options":"Non abbiamo animali domestici|\nViaggiamo con animali domestici|1","width":"50","custom_id":"animali_ammessi","_id":"a00138b"},{"_id":"f12372e","field_type":"html","field_label":"**SEPARATORE**","field_html":"<hr><\/hr>","custom_id":"CAMERA2"},{"_id":"7deb02f","field_type":"date","field_label":"data_arrivo","placeholder":"Data di Arrivo *","width":"50","custom_id":"data_arrivo","required":"true","min_date":""},{"field_type":"date","field_label":"data_partenza","placeholder":"Data di Partenza  *","width":"50","custom_id":"data_partenza","_id":"9ed4cd4","required":"true"},{"_id":"d61f320","field_type":"html","field_label":"plus date","field_html":"<div class=\"plus_date puls\">+ aggiungi date alternative<\/div>","custom_id":"field_d61f320"},{"field_type":"html","field_label":"minus date","field_html":"<div class=\"minus_date puls\">- rimuovi date alternative<\/div>","custom_id":"field_06ce49a","_id":"06ce49a"},{"field_type":"date","field_label":"DataArrivo","placeholder":"Data di Arrivo *","width":"50","custom_id":"DataArrivo","_id":"4a232d0"},{"field_type":"date","field_label":"DataPartenza","placeholder":"Data di Partenza  *","width":"50","custom_id":"DataPartenza","_id":"0faf0b7"},{"field_type":"html","field_label":"**SEPARATORE**","field_html":"<hr><\/hr>","custom_id":"field_bcf5ff8","_id":"bcf5ff8"},{"field_type":"select","field_label":"TipoCamere1","placeholder":"Et\u00e0 Bambino 1","field_options":"Tipologia Camera|\nSingola|Singola\nDoppia, Tripla|Doppia, Tripla\nSuite|Suite\nJunior Suite|Junior Suite\nFamily Room|Family Room","width":"40","custom_id":"TipoCamere1","_id":"2bf3771"},{"field_type":"html","field_label":"**SEPARATORE**","field_html":"<hr><\/hr>","custom_id":"field_d81071d","_id":"d81071d"},{"field_type":"select","field_label":"TipoSoggiorno1","field_options":"Trattamento  *|\nBed & Breakfast|Bed & Breakfast\nMezza Pensione|Mezza Pensione\nPensione Completa|Pensione Completa\nSolo Pernotto|Solo Pernotto","width":"33","custom_id":"TipoSoggiorno1","_id":"758afcf","required":"true"},{"_id":"717ce81","field_type":"select","field_label":"NumAdulti1","placeholder":"Adulti","field_options":"Adulti  *|\n1|1\n2|2\n3|3\n4|4\n5|5\n6|6\n7|7\n8|8\n9|9\n10|10","width":"33","custom_id":"NumAdulti1","field_value":"0","required":"true"},{"field_type":"select","field_label":"NumBambini1","placeholder":"Bambini","field_options":"Bambini|\n1|1\n2|2\n3|3\n4|4\n5|5","width":"33","custom_id":"NumBambini1","_id":"beccfd7"},{"_id":"179e831","field_type":"select","field_label":"EtaB1_1","placeholder":"Et\u00e0 Bambino 1","field_options":"Et\u00e0 1|\n<1|<1\n1|1\n2|2\n3|3\n4|4\n5|5\n6|6\n7|7\n8|8\n9|9\n10|10\n11|11\n12|12\n13|13\n14|14\n15|15\n16|16","width":"20","custom_id":"EtaB1_1"},{"field_type":"select","field_label":"EtaB1_2","placeholder":"Et\u00e0 Bambino 1","field_options":"Et\u00e0 2|\n<1|<1\n1|1\n2|2\n3|3\n4|4\n5|5\n6|6\n7|7\n8|8\n9|9\n10|10\n11|11\n12|12\n13|13\n14|14\n15|15\n16|16","width":"20","custom_id":"EtaB1_2","_id":"adbd67c"},{"field_type":"select","field_label":"EtaB1_3","placeholder":"Et\u00e0 Bambino 1","field_options":"Et\u00e0 3|\n<1|<1\n1|1\n2|2\n3|3\n4|4\n5|5\n6|6\n7|7\n8|8\n9|9\n10|10\n11|11\n12|12\n13|13\n14|14\n15|15\n16|16","width":"20","custom_id":"EtaB1_3","_id":"d830fbd"},{"field_type":"select","field_label":"EtaB1_4","placeholder":"Et\u00e0 Bambino 1","field_options":"Et\u00e0 4|\n<1|<1\n1|1\n2|2\n3|3\n4|4\n5|5\n6|6\n7|7\n8|8\n9|9\n10|10\n11|11\n12|12\n13|13\n14|14\n15|15\n16|16","width":"20","custom_id":"EtaB1_4","_id":"b7e63b8"},{"field_type":"select","field_label":"EtaB1_5","placeholder":"Et\u00e0 Bambino 1","field_options":"Et\u00e0 5|\n<1|<1\n1|1\n2|2\n3|3\n4|4\n5|5\n6|6\n7|7\n8|8\n9|9\n10|10\n11|11\n12|12\n13|13\n14|14\n15|15\n16|16","width":"20","custom_id":"EtaB1_5","_id":"ebca070"},{"field_type":"html","field_label":"**SEPARATORE CAMERA 2**","field_html":"<hr class=\"sepcam2\"><\/hr>","custom_id":"field_cb73052","_id":"cb73052"},{"field_type":"select","field_label":"TipoCamere2","placeholder":"Et\u00e0 Bambino 1","field_options":"Tipologia Camera|\nSingola|Singola\nDoppia, Tripla|Doppia, Tripla\nSuite|Suite\nJunior Suite|Junior Suite\nFamily Room|Family Room","width":"40","custom_id":"TipoCamere2","_id":"3f2d2c4"},{"field_type":"html","field_label":"**SEPARATORE CAMERA 2**","field_html":"<hr class=\"sepcam2\"><\/hr>","custom_id":"field_5a89645","_id":"5a89645"},{"field_type":"select","field_label":"TipoSoggiorno2","field_options":"Trattamento  *|\nBed & Breakfast|Bed & Breakfast\nMezza Pensione|Mezza Pensione\nPensione Completa|Pensione Completa\nSolo Pernotto|Solo Pernotto","width":"33","custom_id":"TipoSoggiorno2","_id":"7bec445"},{"field_type":"select","field_label":"NumAdulti2","placeholder":"Adulti","field_options":"Adulti  *|\n1|1\n2|2\n3|3\n4|4\n5|5\n6|6\n7|7\n8|8\n9|9\n10|10","width":"33","custom_id":"NumAdulti2","_id":"60256d8","field_value":"0"},{"_id":"6f6de4e","field_type":"select","field_label":"NumBambini2","placeholder":"Bambini","field_options":"Bambini|\n1|1\n2|2\n3|3\n4|4\n5|5","width":"33","custom_id":"NumBambini2"},{"field_type":"select","field_label":"EtaB2_1","placeholder":"Et\u00e0 Bambino 1","field_options":"Et\u00e0 1|\n<1|<1\n1|1\n2|2\n3|3\n4|4\n5|5\n6|6\n7|7\n8|8\n9|9\n10|10\n11|11\n12|12\n13|13\n14|14\n15|15\n16|16","width":"20","custom_id":"EtaB2_1","_id":"379fd41"},{"field_type":"select","field_label":"EtaB2_2","placeholder":"Et\u00e0 Bambino 1","field_options":"Et\u00e0 2|\n<1|<1\n1|1\n2|2\n3|3\n4|4\n5|5\n6|6\n7|7\n8|8\n9|9\n10|10\n11|11\n12|12\n13|13\n14|14\n15|15\n16|16","width":"20","custom_id":"EtaB2_2","_id":"8acadbb"},{"field_type":"select","field_label":"EtaB2_3","placeholder":"Et\u00e0 Bambino 1","field_options":"Et\u00e0 3|\n<1|<1\n1|1\n2|2\n3|3\n4|4\n5|5\n6|6\n7|7\n8|8\n9|9\n10|10\n11|11\n12|12\n13|13\n14|14\n15|15\n16|16","width":"20","custom_id":"EtaB2_3","_id":"bb9c74b"},{"field_type":"select","field_label":"EtaB2_4","placeholder":"Et\u00e0 Bambino 1","field_options":"Et\u00e0 4|\n<1|<1\n1|1\n2|2\n3|3\n4|4\n5|5\n6|6\n7|7\n8|8\n9|9\n10|10\n11|11\n12|12\n13|13\n14|14\n15|15\n16|16","width":"20","custom_id":"EtaB2_4","_id":"e835ffa"},{"field_type":"select","field_label":"EtaB2_5","placeholder":"Et\u00e0 Bambino 1","field_options":"Et\u00e0 5|\n<1|<1\n1|1\n2|2\n3|3\n4|4\n5|5\n6|6\n7|7\n8|8\n9|9\n10|10\n11|11\n12|12\n13|13\n14|14\n15|15\n16|16","width":"20","custom_id":"EtaB2_5","_id":"0f22f06"},{"field_type":"html","field_label":"**SEPARATORE CAMERA 3**","field_html":"<hr class=\"sepcam3\"><\/hr>","custom_id":"field_e31a3dc","_id":"e31a3dc"},{"field_type":"select","field_label":"TipoCamere3","placeholder":"Et\u00e0 Bambino 1","field_options":"Tipologia Camera|\nSingola|Singola\nDoppia, Tripla|Doppia, Tripla\nSuite|Suite\nJunior Suite|Junior Suite\nFamily Room|Family Room","width":"40","custom_id":"TipoCamere3","_id":"0fab555"},{"field_type":"html","field_label":"**SEPARATORE CAMERA 3**","field_html":"<hr class=\"sepcam3\"><\/hr>","custom_id":"field_c70eb08","_id":"c70eb08"},{"_id":"c374fcc","field_type":"select","field_label":"TipoSoggiorno3","field_options":"Trattamento  *|\nBed & Breakfast|Bed & Breakfast\nMezza Pensione|Mezza Pensione\nPensione Completa|Pensione Completa\nSolo Pernotto|Solo Pernotto","width":"33","custom_id":"TipoSoggiorno3"},{"field_type":"select","field_label":"NumAdulti3","placeholder":"Adulti","field_options":"Adulti  *|\n1|1\n2|2\n3|3\n4|4\n5|5\n6|6\n7|7\n8|8\n9|9\n10|10","width":"33","custom_id":"NumAdulti3","_id":"b2b230c","field_value":"0"},{"field_type":"select","field_label":"NumBambini3","placeholder":"Bambini","field_options":"Bambini|\n1|1\n2|2\n3|3\n4|4\n5|5","width":"33","custom_id":"NumBambini3","_id":"a924102"},{"field_type":"select","field_label":"EtaB3_1","placeholder":"Et\u00e0 Bambino 1","field_options":"Et\u00e0 1|\n<1|<1\n1|1\n2|2\n3|3\n4|4\n5|5\n6|6\n7|7\n8|8\n9|9\n10|10\n11|11\n12|12\n13|13\n14|14\n15|15\n16|16","width":"20","custom_id":"EtaB3_1","_id":"ac533e0"},{"field_type":"select","field_label":"EtaB3_2","placeholder":"Et\u00e0 Bambino 1","field_options":"Et\u00e0 2|\n<1|<1\n1|1\n2|2\n3|3\n4|4\n5|5\n6|6\n7|7\n8|8\n9|9\n10|10\n11|11\n12|12\n13|13\n14|14\n15|15\n16|16","width":"20","custom_id":"EtaB3_2","_id":"16b5024"},{"field_type":"select","field_label":"EtaB3_3","placeholder":"Et\u00e0 Bambino 1","field_options":"Et\u00e0 3|\n<1|<1\n1|1\n2|2\n3|3\n4|4\n5|5\n6|6\n7|7\n8|8\n9|9\n10|10\n11|11\n12|12\n13|13\n14|14\n15|15\n16|16","width":"20","custom_id":"EtaB3_3","_id":"b8ecfdd"},{"field_type":"select","field_label":"EtaB3_4","placeholder":"Et\u00e0 Bambino 1","field_options":"Et\u00e0 4|\n<1|<1\n1|1\n2|2\n3|3\n4|4\n5|5\n6|6\n7|7\n8|8\n9|9\n10|10\n11|11\n12|12\n13|13\n14|14\n15|15\n16|16","width":"20","custom_id":"EtaB3_4","_id":"8a27906"},{"field_type":"select","field_label":"EtaB3_5","placeholder":"Et\u00e0 Bambino 1","field_options":"Et\u00e0 5|\n<1|<1\n1|1\n2|2\n3|3\n4|4\n5|5\n6|6\n7|7\n8|8\n9|9\n10|10\n11|11\n12|12\n13|13\n14|14\n15|15\n16|16","width":"20","custom_id":"EtaB3_5","_id":"df25a9c"},{"field_type":"html","field_label":"plus camere","field_html":"<div class=\"plus_camere  puls\">+ aggiungi camera<\/div>","custom_id":"field_440aba1","_id":"440aba1"},{"field_type":"html","field_label":"minus camere","field_html":"<div class=\"minus_camere puls\">-rimuovi camera<\/div>","custom_id":"field_218bca5","_id":"218bca5"},{"field_type":"html","field_label":"**SEPARATORE**","field_html":"<hr><\/hr>","custom_id":"field_353a2e7","_id":"353a2e7"},{"_id":"5b10c3d","field_type":"textarea","field_label":"messaggio","placeholder":"Scrivi qui il tuo messaggio","rows":5,"custom_id":"messaggio"},{"_id":"b85b71d","field_label":"codice_sconto","placeholder":"Applica Codice Sconto","width":"40","custom_id":"codice_sconto"},{"_id":"d409a09","field_type":"checkbox","field_label":"marketing","field_options":" Acconsento a ricevere offerte esclusive e novit\u00e0","custom_id":"marketing"},{"_id":"31b1256","field_type":"acceptance","field_label":"privacy","acceptance_text":" * Do il consenso al trattamento dei dati ","custom_id":"privacy","required":"true"},{"_id":"0dae63a","field_type":"html","field_html":"* Campi obbligatori...","custom_id":"field_0dae63a"}],"input_size":"md","show_labels":"","button_align":"start","step_next_label":"Prossimo","step_previous_label":"Precedente","button_text":"Invia Richiesta","email_content":"[all-fields]","email_content_2":"[all-fields]","custom_messages":"yes","success_message":"Il form \u00e8 stato inviato Correttamente","error_message":"Si \u00e8 verificato un errore","required_field_message":"Attenzione!Questo campo \u00e8 obbligatorio","invalid_message":"Attenzione! C'\u00e8 un problema","html_spacing":{"unit":"px","size":2,"sizes":[]},"field_border_width":{"unit":"px","top":"2","right":"2","bottom":"2","left":"2","isLinked":true},"field_border_radius":{"unit":"px","top":"0","right":"0","bottom":"0","left":"0","isLinked":true},"__globals__":{"field_border_color":"globals\/colors?id=c27e300","field_typography_typography":"globals\/typography?id=primary","label_typography_typography":"globals\/typography?id=primary"},"submit_actions":[],"message_typography_typography":"custom","message_typography_font_size":{"unit":"px","size":18,"sizes":[]},"message_typography_font_weight":"700","success_message_color":"#00BA1A","error_message_color":"#FF0000","inline_message_color":"#5F5F5F","button_typography_font_size":{"unit":"px","size":12,"sizes":[]},"button_typography_line_height":{"unit":"em","size":3.20000000000000017763568394002504646778106689453125,"sizes":[]},"steps_typography_typography":"custom","steps_typography_font_size":{"unit":"px","size":12,"sizes":[]},"steps_typography_font_weight":"700","steps_typography_line_height":{"unit":"em","size":1.100000000000000088817841970012523233890533447265625,"sizes":[]},"steps_padding":{"unit":"px","size":39,"sizes":[]},"step_divider_width":{"unit":"px","size":0,"sizes":[]},"step_divider_gap":{"unit":"px","size":9,"sizes":[]},"_css_classes":"form_quoto","_title":".form_quoto"},"elements":[],"isInner":false,"widgetType":"form","elType":"widget"},{"id":"5e91fc49","settings":{"editor":"","_css_classes":"success","_title":".success"},"elements":[],"isInner":false,"widgetType":"text-editor","elType":"widget"},{"id":"73d2702e","settings":{"editor":"<strong>Grazie per la tua richiesta<\/strong><br>\nAl pi\u00f9 presto riceverai la nostra migliore proposta in base ai dati che ci hai comunicato. Nel frattempo lasciati ispirare dal nostro sito per iniziare ad immaginare il tuo prossimo soggiorno.\n<i class=\"fas fa-times exit\"><\/i>","_title":".form_ok","_css_classes":"form_ok"},"elements":[],"isInner":false,"widgetType":"text-editor","elType":"widget"},{"id":"3ceed5ff","settings":{"html":"<script type=\"text\/javascript\" src=\"https:\/\/resources.suiteweb.it\/ApiQuoto\/js\/apiform.js\"><\/script>\n<link rel=\"stylesheet\" href=\"https:\/\/resources.suiteweb.it\/ApiQuoto\/css\/apiform.css\">","_title":"Codice JS + CSS"},"elements":[],"isInner":false,"widgetType":"html","elType":"widget"}],"isInner":false,"elType":"column"}],"isInner":false,"elType":"section"}],"page_settings":{"location":""},"version":"0.4","title":"Form Quoto","type":"section"}